DATE,M1
1975-01-06,273.4
1975-01-13,273.7
1975-01-20,273.8
1975-01-27,273.7
1975-02-03,275.2
1975-02-10,274.5
1975-02-17,274.6
1975-02-24,274.2
1975-03-03,275.4
1975-03-10,276.9
1975-03-17,276.3
1975-03-24,277.6
1975-03-31,273.4
1975-04-07,275.2
1975-04-14,276.1
1975-04-21,276.7
1975-04-28,276.8
1975-05-05,277.4
1975-05-12,278.1
1975-05-19,279.3
1975-05-26,280.4
1975-06-02,280.7
1975-06-09,281.5
1975-06-16,282.2
1975-06-23,283.2
1975-06-30,283.3
1975-07-07,283.3
1975-07-14,283.7
1975-07-21,283.9
1975-07-28,283.7
1975-08-04,283.7
1975-08-11,283.1
1975-08-18,283.5
1975-08-25,284.7
1975-09-01,285.2
1975-09-08,285.6
1975-09-15,285.3
1975-09-22,285.8
1975-09-29,286.1
1975-10-06,284.5
1975-10-13,285.5
1975-10-20,286.2
1975-10-27,284.9
1975-11-03,285.9
1975-11-10,286.8
1975-11-17,286.3
1975-11-24,287.5
1975-12-01,286.9
1975-12-08,286.8
1975-12-15,287.1
1975-12-22,287.4
1975-12-29,287.2
1976-01-05,287.3
1976-01-12,287.9
1976-01-19,288.4
1976-01-26,289.1
1976-02-02,290.2
1976-02-09,290.3
1976-02-16,291.2
1976-02-23,290.7
1976-03-01,291.2
1976-03-08,291.1
1976-03-15,292.8
1976-03-22,292.8
1976-03-29,294.2
1976-04-05,293.0
1976-04-12,294.5
1976-04-19,294.9
1976-04-26,295.4
1976-05-03,294.9
1976-05-10,296.3
1976-05-17,295.3
1976-05-24,295.5
1976-05-31,296.4
1976-06-07,295.5
1976-06-14,296.7
1976-06-21,296.1
1976-06-28,296.1
1976-07-05,296.1
1976-07-12,296.6
1976-07-19,297.2
1976-07-26,297.5
1976-08-02,297.7
1976-08-09,298.5
1976-08-16,299.6
1976-08-23,299.0
1976-08-30,299.0
1976-09-06,298.2
1976-09-13,299.7
1976-09-20,300.1
1976-09-27,299.3
1976-10-04,300.7
1976-10-11,302.1
1976-10-18,300.1
1976-10-25,302.7
1976-11-01,303.7
1976-11-08,302.2
1976-11-15,304.3
1976-11-22,303.8
1976-11-29,303.6
1976-12-06,305.3
1976-12-13,305.8
1976-12-20,306.4
1976-12-27,306.6
1977-01-03,306.9
1977-01-10,307.7
1977-01-17,308.0
1977-01-24,308.9
1977-01-31,309.5
1977-02-07,310.3
1977-02-14,311.3
1977-02-21,311.7
1977-02-28,312.3
1977-03-07,312.7
1977-03-14,313.8
1977-03-21,314.5
1977-03-28,313.9
1977-04-04,315.6
1977-04-11,315.8
1977-04-18,315.7
1977-04-25,316.1
1977-05-02,316.6
1977-05-09,316.7
1977-05-16,317.6
1977-05-23,317.4
1977-05-30,316.8
1977-06-06,317.6
1977-06-13,317.8
1977-06-20,319.4
1977-06-27,319.4
1977-07-04,319.5
1977-07-11,319.3
1977-07-18,320.2
1977-07-25,320.1
1977-08-01,321.0
1977-08-08,321.4
1977-08-15,321.2
1977-08-22,322.4
1977-08-29,323.4
1977-09-05,324.6
1977-09-12,323.3
1977-09-19,324.2
1977-09-26,324.5
1977-10-03,325.6
1977-10-10,326.1
1977-10-17,325.6
1977-10-24,327.5
1977-10-31,327.0
1977-11-07,328.2
1977-11-14,328.6
1977-11-21,329.0
1977-11-28,328.7
1977-12-05,330.0
1977-12-12,330.2
1977-12-19,331.0
1977-12-26,330.7
1978-01-02,332.5
1978-01-09,334.0
1978-01-16,334.5
1978-01-23,335.9
1978-01-30,334.4
1978-02-06,333.8
1978-02-13,335.1
1978-02-20,335.5
1978-02-27,336.1
1978-03-06,336.8
1978-03-13,336.2
1978-03-20,336.7
1978-03-27,336.7
1978-04-03,338.6
1978-04-10,338.3
1978-04-17,337.6
1978-04-24,340.6
1978-05-01,344.9
1978-05-08,342.6
1978-05-15,344.1
1978-05-22,345.1
1978-05-29,346.7
1978-06-05,346.6
1978-06-12,346.8
1978-06-19,345.8
1978-06-26,346.5
1978-07-03,348.1
1978-07-10,347.7
1978-07-17,346.2
1978-07-24,348.2
1978-07-31,348.6
1978-08-07,348.4
1978-08-14,349.7
1978-08-21,349.7
1978-08-28,349.3
1978-09-04,352.7
1978-09-11,351.6
1978-09-18,351.5
1978-09-25,352.8
1978-10-02,352.9
1978-10-09,353.0
1978-10-16,354.3
1978-10-23,353.1
1978-10-30,353.3
1978-11-06,355.1
1978-11-13,355.2
1978-11-20,355.8
1978-11-27,355.3
1978-12-04,357.1
1978-12-11,356.8
1978-12-18,356.2
1978-12-25,357.7
1979-01-01,359.5
1979-01-08,357.1
1979-01-15,359.5
1979-01-22,358.7
1979-01-29,358.8
1979-02-05,360.6
1979-02-12,359.3
1979-02-19,359.1
1979-02-26,360.1
1979-03-05,361.9
1979-03-12,361.2
1979-03-19,361.8
1979-03-26,363.2
1979-04-02,364.2
1979-04-09,365.0
1979-04-16,368.7
1979-04-23,370.2
1979-04-30,369.6
1979-05-07,368.9
1979-05-14,369.1
1979-05-21,369.6
1979-05-28,369.0
1979-06-04,372.4
1979-06-11,372.7
1979-06-18,372.2
1979-06-25,374.3
1979-07-02,374.9
1979-07-09,375.7
1979-07-16,377.8
1979-07-23,378.3
1979-07-30,378.5
1979-08-06,377.7
1979-08-13,378.3
1979-08-20,379.9
1979-08-27,379.4
1979-09-03,379.0
1979-09-10,378.7
1979-09-17,378.1
1979-09-24,379.6
1979-10-01,381.6
1979-10-08,380.7
1979-10-15,381.7
1979-10-22,380.5
1979-10-29,380.9
1979-11-05,382.3
1979-11-12,381.1
1979-11-19,381.5
1979-11-26,380.6
1979-12-03,379.3
1979-12-10,381.2
1979-12-17,381.0
1979-12-24,382.9
1979-12-31,384.2
1980-01-07,383.7
1980-01-14,385.5
1980-01-21,384.8
1980-01-28,387.4
1980-02-04,390.6
1980-02-11,390.3
1980-02-18,390.3
1980-02-25,389.3
1980-03-03,389.4
1980-03-10,388.8
1980-03-17,389.2
1980-03-24,388.4
1980-03-31,387.1
1980-04-07,386.0
1980-04-14,385.0
1980-04-21,382.8
1980-04-28,381.3
1980-05-05,383.6
1980-05-12,383.5
1980-05-19,384.7
1980-05-26,385.8
1980-06-02,386.8
1980-06-09,387.1
1980-06-16,389.0
1980-06-23,389.9
1980-06-30,391.3
1980-07-07,391.4
1980-07-14,394.2
1980-07-21,393.9
1980-07-28,394.6
1980-08-04,398.8
1980-08-11,398.2
1980-08-18,398.3
1980-08-25,399.3
1980-09-01,402.1
1980-09-08,403.9
1980-09-15,404.7
1980-09-22,405.6
1980-09-29,405.3
1980-10-06,408.2
1980-10-13,408.9
1980-10-20,408.6
1980-10-27,409.6
1980-11-03,409.2
1980-11-10,410.4
1980-11-17,411.3
1980-11-24,410.8
1980-12-01,410.5
1980-12-08,409.6
1980-12-15,410.7
1980-12-22,409.9
1980-12-29,404.3
1981-01-05,407.4
1981-01-12,409.4
1981-01-19,413.2
1981-01-26,413.8
1981-02-02,410.8
1981-02-09,413.6
1981-02-16,415.3
1981-02-23,416.6
1981-03-02,414.7
1981-03-09,417.4
1981-03-16,419.1
1981-03-23,419.2
1981-03-30,421.0
1981-04-06,424.0
1981-04-13,426.1
1981-04-20,429.7
1981-04-27,429.2
1981-05-04,427.6
1981-05-11,425.7
1981-05-18,423.6
1981-05-25,423.1
1981-06-01,424.6
1981-06-08,423.1
1981-06-15,425.4
1981-06-22,426.6
1981-06-29,425.2
1981-07-06,428.8
1981-07-13,426.2
1981-07-20,427.4
1981-07-27,426.2
1981-08-03,425.9
1981-08-10,429.0
1981-08-17,426.3
1981-08-24,425.8
1981-08-31,427.0
1981-09-07,425.6
1981-09-14,429.0
1981-09-21,428.3
1981-09-28,424.9
1981-10-05,427.0
1981-10-12,428.3
1981-10-19,428.9
1981-10-26,428.9
1981-11-02,428.3
1981-11-09,430.6
1981-11-16,431.4
1981-11-23,430.4
1981-11-30,433.5
1981-12-07,436.2
1981-12-14,435.1
1981-12-21,437.2
1981-12-28,436.7
1982-01-04,440.2
1982-01-11,442.7
1982-01-18,442.8
1982-01-25,442.7
1982-02-01,444.2
1982-02-08,441.3
1982-02-15,442.3
1982-02-22,441.6
1982-03-01,442.2
1982-03-08,442.1
1982-03-15,443.4
1982-03-22,442.4
1982-03-29,442.4
1982-04-05,445.2
1982-04-12,447.6
1982-04-19,448.5
1982-04-26,447.7
1982-05-03,445.3
1982-05-10,447.2
1982-05-17,445.9
1982-05-24,447.1
1982-05-31,447.4
1982-06-07,448.0
1982-06-14,449.1
1982-06-21,448.3
1982-06-28,445.0
1982-07-05,446.1
1982-07-12,449.0
1982-07-19,447.8
1982-07-26,448.4
1982-08-02,448.5
1982-08-09,449.6
1982-08-16,451.2
1982-08-23,452.3
1982-08-30,453.1
1982-09-06,454.5
1982-09-13,456.6
1982-09-20,458.2
1982-09-27,456.6
1982-10-04,460.0
1982-10-11,463.3
1982-10-18,463.9
1982-10-25,465.5
1982-11-01,468.7
1982-11-08,470.4
1982-11-15,472.1
1982-11-22,471.9
1982-11-29,471.5
1982-12-06,474.2
1982-12-13,477.1
1982-12-20,475.2
1982-12-27,473.9
1983-01-03,472.6
1983-01-10,475.3
1983-01-17,477.2
1983-01-24,478.4
1983-01-31,479.7
1983-02-07,482.3
1983-02-14,483.4
1983-02-21,483.9
1983-02-28,487.5
1983-03-07,489.6
1983-03-14,489.6
1983-03-21,490.9
1983-03-28,491.0
1983-04-04,493.4
1983-04-11,493.7
1983-04-18,491.2
1983-04-25,492.5
1983-05-02,496.0
1983-05-09,497.5
1983-05-16,501.3
1983-05-23,500.9
1983-05-30,501.0
1983-06-06,502.6
1983-06-13,504.2
1983-06-20,504.4
1983-06-27,503.9
1983-07-04,505.1
1983-07-11,508.2
1983-07-18,506.8
1983-07-25,508.2
1983-08-01,510.1
1983-08-08,509.1
1983-08-15,510.8
1983-08-22,510.9
1983-08-29,510.6
1983-09-05,512.3
1983-09-12,511.8
1983-09-19,512.3
1983-09-26,514.0
1983-10-03,513.8
1983-10-10,517.3
1983-10-17,517.7
1983-10-24,518.5
1983-10-31,518.4
1983-11-07,518.9
1983-11-14,519.1
1983-11-21,518.8
1983-11-28,518.6
1983-12-05,520.4
1983-12-12,521.6
1983-12-19,522.2
1983-12-26,520.6
1984-01-02,522.2
1984-01-09,525.3
1984-01-16,526.3
1984-01-23,525.0
1984-01-30,524.2
1984-02-06,526.6
1984-02-13,527.1
1984-02-20,528.5
1984-02-27,527.4
1984-03-05,529.4
1984-03-12,530.0
1984-03-19,531.4
1984-03-26,533.3
1984-04-02,531.8
1984-04-09,533.8
1984-04-16,535.5
1984-04-23,534.7
1984-04-30,534.5
1984-05-07,535.4
1984-05-14,537.4
1984-05-21,537.1
1984-05-28,536.2
1984-06-04,539.6
1984-06-11,540.2
1984-06-18,539.3
1984-06-25,540.3
1984-07-02,541.1
1984-07-09,539.9
1984-07-16,542.2
1984-07-23,541.3
1984-07-30,539.7
1984-08-06,540.5
1984-08-13,541.2
1984-08-20,541.3
1984-08-27,540.7
1984-09-03,541.7
1984-09-10,543.4
1984-09-17,542.8
1984-09-24,542.8
1984-10-01,544.9
1984-10-08,542.2
1984-10-15,545.7
1984-10-22,542.1
1984-10-29,544.4
1984-11-05,546.4
1984-11-12,546.7
1984-11-19,549.7
1984-11-26,549.1
1984-12-03,545.1
1984-12-10,549.6
1984-12-17,550.6
1984-12-24,554.0
1984-12-31,555.9
1985-01-07,554.0
1985-01-14,555.6
1985-01-21,557.5
1985-01-28,558.8
1985-02-04,561.4
1985-02-11,562.4
1985-02-18,563.7
1985-02-25,564.9
1985-03-04,565.7
1985-03-11,565.6
1985-03-18,565.1
1985-03-25,567.6
1985-04-01,568.9
1985-04-08,567.8
1985-04-15,571.2
1985-04-22,572.1
1985-04-29,570.4
1985-05-06,571.9
1985-05-13,574.0
1985-05-20,576.4
1985-05-27,577.1
1985-06-03,575.9
1985-06-10,580.5
1985-06-17,581.2
1985-06-24,583.6
1985-07-01,587.3
1985-07-08,585.7
1985-07-15,588.6
1985-07-22,590.0
1985-07-29,591.0
1985-08-05,593.6
1985-08-12,594.9
1985-08-19,595.7
1985-08-26,598.5
1985-09-02,598.2
1985-09-09,601.3
1985-09-16,601.2
1985-09-23,602.0
1985-09-30,610.3
1985-10-07,606.2
1985-10-14,605.8
1985-10-21,609.5
1985-10-28,608.9
1985-11-04,609.9
1985-11-11,609.3
1985-11-18,611.0
1985-11-25,614.8
1985-12-02,616.2
1985-12-09,618.2
1985-12-16,619.5
1985-12-23,622.4
1985-12-30,619.9
1986-01-06,622.0
1986-01-13,620.1
1986-01-20,620.9
1986-01-27,623.4
1986-02-03,620.3
1986-02-10,624.1
1986-02-17,624.4
1986-02-24,627.7
1986-03-03,627.5
1986-03-10,631.7
1986-03-17,633.5
1986-03-24,635.2
1986-03-31,636.1
1986-04-07,639.7
1986-04-14,638.1
1986-04-21,640.6
1986-04-28,643.3
1986-05-05,648.2
1986-05-12,650.3
1986-05-19,652.2
1986-05-26,654.2
1986-06-02,654.9
1986-06-09,658.1
1986-06-16,661.0
1986-06-23,660.8
1986-06-30,664.2
1986-07-07,665.7
1986-07-14,670.0
1986-07-21,671.5
1986-07-28,672.4
1986-08-04,674.1
1986-08-11,676.0
1986-08-18,677.5
1986-08-25,679.5
1986-09-01,685.4
1986-09-08,685.4
1986-09-15,685.1
1986-09-22,688.3
1986-09-29,690.6
1986-10-06,691.2
1986-10-13,691.2
1986-10-20,695.9
1986-10-27,698.4
1986-11-03,698.9
1986-11-10,702.8
1986-11-17,704.3
1986-11-24,704.3
1986-12-01,714.4
1986-12-08,714.6
1986-12-15,718.6
1986-12-22,726.6
1986-12-29,735.2
1987-01-05,742.1
1987-01-12,727.9
1987-01-19,725.3
1987-01-26,728.5
1987-02-02,729.9
1987-02-09,730.1
1987-02-16,730.0
1987-02-23,731.7
1987-03-02,731.4
1987-03-09,732.2
1987-03-16,733.9
1987-03-23,733.8
1987-03-30,735.4
1987-04-06,737.2
1987-04-13,737.8
1987-04-20,749.4
1987-04-27,749.9
1987-05-04,745.1
1987-05-11,743.3
1987-05-18,744.6
1987-05-25,748.2
1987-06-01,748.1
1987-06-08,742.0
1987-06-15,743.4
1987-06-22,744.0
1987-06-29,742.3
1987-07-06,745.4
1987-07-13,740.6
1987-07-20,742.9
1987-07-27,744.5
1987-08-03,741.4
1987-08-10,743.9
1987-08-17,744.8
1987-08-24,746.3
1987-08-31,746.2
1987-09-07,743.5
1987-09-14,746.5
1987-09-21,748.8
1987-09-28,749.8
1987-10-05,753.7
1987-10-12,748.9
1987-10-19,755.0
1987-10-26,765.2
1987-11-02,758.5
1987-11-09,755.4
1987-11-16,752.9
1987-11-23,752.0
1987-11-30,751.0
1987-12-07,750.5
1987-12-14,749.8
1987-12-21,749.6
1987-12-28,750.6
1988-01-04,751.1
1988-01-11,753.2
1988-01-18,755.8
1988-01-25,759.0
1988-02-01,760.3
1988-02-08,756.6
1988-02-15,757.4
1988-02-22,759.8
1988-02-29,756.7
1988-03-07,758.1
1988-03-14,760.6
1988-03-21,763.1
1988-03-28,763.7
1988-04-04,765.5
1988-04-11,765.8
1988-04-18,766.8
1988-04-25,772.2
1988-05-02,769.6
1988-05-09,769.9
1988-05-16,771.9
1988-05-23,772.5
1988-05-30,772.7
1988-06-06,776.4
1988-06-13,776.5
1988-06-20,780.6
1988-06-27,779.8
1988-07-04,777.7
1988-07-11,781.3
1988-07-18,780.3
1988-07-25,782.2
1988-08-01,784.3
1988-08-08,782.2
1988-08-15,783.4
1988-08-22,783.4
1988-08-29,784.0
1988-09-05,783.8
1988-09-12,782.8
1988-09-19,784.6
1988-09-26,785.1
1988-10-03,781.1
1988-10-10,782.3
1988-10-17,784.0
1988-10-24,783.1
1988-10-31,784.1
1988-11-07,783.2
1988-11-14,784.2
1988-11-21,784.5
1988-11-28,786.9
1988-12-05,787.5
1988-12-12,788.2
1988-12-19,786.5
1988-12-26,784.6
1989-01-02,787.4
1989-01-09,786.7
1989-01-16,786.2
1989-01-23,786.5
1989-01-30,783.2
1989-02-06,784.4
1989-02-13,783.5
1989-02-20,783.5
1989-02-27,783.4
1989-03-06,787.1
1989-03-13,782.6
1989-03-20,783.2
1989-03-27,783.0
1989-04-03,777.4
1989-04-10,776.5
1989-04-17,776.9
1989-04-24,782.3
1989-05-01,782.3
1989-05-08,775.1
1989-05-15,775.7
1989-05-22,773.4
1989-05-29,774.6
1989-06-05,775.3
1989-06-12,772.5
1989-06-19,772.7
1989-06-26,773.6
1989-07-03,774.3
1989-07-10,779.1
1989-07-17,777.9
1989-07-24,778.1
1989-07-31,777.3
1989-08-07,778.4
1989-08-14,779.0
1989-08-21,780.9
1989-08-28,779.9
1989-09-04,777.8
1989-09-11,781.9
1989-09-18,780.2
1989-09-25,781.2
1989-10-02,783.5
1989-10-09,785.2
1989-10-16,788.7
1989-10-23,787.4
1989-10-30,785.8
1989-11-06,787.0
1989-11-13,785.9
1989-11-20,787.6
1989-11-27,790.7
1989-12-04,789.0
1989-12-11,789.8
1989-12-18,790.7
1989-12-25,794.9
1990-01-01,798.3
1990-01-08,793.6
1990-01-15,796.5
1990-01-22,795.1
1990-01-29,793.8
1990-02-05,797.1
1990-02-12,796.3
1990-02-19,796.3
1990-02-26,799.8
1990-03-05,801.6
1990-03-12,799.7
1990-03-19,799.6
1990-03-26,802.5
1990-04-02,802.4
1990-04-09,804.3
1990-04-16,807.0
1990-04-23,807.2
1990-04-30,806.5
1990-05-07,803.0
1990-05-14,802.9
1990-05-21,806.2
1990-05-28,804.9
1990-06-04,807.1
1990-06-11,807.7
1990-06-18,807.3
1990-06-25,810.3
1990-07-02,813.2
1990-07-09,808.1
1990-07-16,811.3
1990-07-23,809.3
1990-07-30,810.8
1990-08-06,811.9
1990-08-13,816.1
1990-08-20,817.2
1990-08-27,816.2
1990-09-03,819.0
1990-09-10,819.8
1990-09-17,819.2
1990-09-24,820.5
1990-10-01,823.3
1990-10-08,820.5
1990-10-15,820.7
1990-10-22,817.2
1990-10-29,820.0
1990-11-05,822.0
1990-11-12,822.0
1990-11-19,823.4
1990-11-26,824.5
1990-12-03,815.3
1990-12-10,821.8
1990-12-17,824.2
1990-12-24,828.1
1990-12-31,828.9
1991-01-07,826.6
1991-01-14,825.7
1991-01-21,826.2
1991-01-28,828.4
1991-02-04,830.9
1991-02-11,833.5
1991-02-18,832.4
1991-02-25,832.0
1991-03-04,834.6
1991-03-11,836.5
1991-03-18,836.0
1991-03-25,840.2
1991-04-01,845.5
1991-04-08,842.7
1991-04-15,845.0
1991-04-22,842.6
1991-04-29,841.2
1991-05-06,846.4
1991-05-13,848.3
1991-05-20,850.8
1991-05-27,849.7
1991-06-03,848.1
1991-06-10,855.6
1991-06-17,856.5
1991-06-24,856.1
1991-07-01,863.2
1991-07-08,859.5
1991-07-15,861.4
1991-07-22,861.1
1991-07-29,862.7
1991-08-05,866.3
1991-08-12,865.3
1991-08-19,865.0
1991-08-26,869.1
1991-09-02,868.3
1991-09-09,870.5
1991-09-16,869.8
1991-09-23,869.5
1991-09-30,871.8
1991-10-07,874.6
1991-10-14,875.4
1991-10-21,879.5
1991-10-28,880.8
1991-11-04,882.4
1991-11-11,885.8
1991-11-18,886.6
1991-11-25,887.4
1991-12-02,896.1
1991-12-09,894.6
1991-12-16,897.6
1991-12-23,897.6
1991-12-30,897.5
1992-01-06,901.9
1992-01-13,906.8
1992-01-20,909.3
1992-01-27,918.2
1992-02-03,917.7
1992-02-10,923.6
1992-02-17,925.4
1992-02-24,928.6
1992-03-02,926.9
1992-03-09,933.1
1992-03-16,938.2
1992-03-23,937.9
1992-03-30,939.7
1992-04-06,941.0
1992-04-13,941.3
1992-04-20,945.7
1992-04-27,945.6
1992-05-04,946.5
1992-05-11,949.4
1992-05-18,949.8
1992-05-25,952.3
1992-06-01,953.5
1992-06-08,951.1
1992-06-15,955.6
1992-06-22,954.8
1992-06-29,955.2
1992-07-06,959.3
1992-07-13,960.4
1992-07-20,964.8
1992-07-27,966.8
1992-08-03,965.8
1992-08-10,972.7
1992-08-17,972.9
1992-08-24,974.2
1992-08-31,978.5
1992-09-07,979.3
1992-09-14,985.6
1992-09-21,990.1
1992-09-28,994.2
1992-10-05,997.6
1992-10-12,999.5
1992-10-19,1001.0
1992-10-26,1009.2
1992-11-02,1011.7
1992-11-09,1014.8
1992-11-16,1017.0
1992-11-23,1014.4
1992-11-30,1017.9
1992-12-07,1021.4
1992-12-14,1025.9
1992-12-21,1022.8
1992-12-28,1028.4
1993-01-04,1027.8
1993-01-11,1031.1
1993-01-18,1029.6
1993-01-25,1030.9
1993-02-01,1031.4
1993-02-08,1030.0
1993-02-15,1034.1
1993-02-22,1034.7
1993-03-01,1035.9
1993-03-08,1035.3
1993-03-15,1036.8
1993-03-22,1038.6
1993-03-29,1040.4
1993-04-05,1045.4
1993-04-12,1045.9
1993-04-19,1045.5
1993-04-26,1047.2
1993-05-03,1056.3
1993-05-10,1064.1
1993-05-17,1066.0
1993-05-24,1063.6
1993-05-31,1073.0
1993-06-07,1071.3
1993-06-14,1074.1
1993-06-21,1076.4
1993-06-28,1077.6
1993-07-05,1079.3
1993-07-12,1083.3
1993-07-19,1085.3
1993-07-26,1086.5
1993-08-02,1088.3
1993-08-09,1092.4
1993-08-16,1095.5
1993-08-23,1093.1
1993-08-30,1096.8
1993-09-06,1100.6
1993-09-13,1103.0
1993-09-20,1106.9
1993-09-27,1103.9
1993-10-04,1108.3
1993-10-11,1110.1
1993-10-18,1112.8
1993-10-25,1113.0
1993-11-01,1120.1
1993-11-08,1121.7
1993-11-15,1126.8
1993-11-22,1123.2
1993-11-29,1124.7
1993-12-06,1128.1
1993-12-13,1129.5
1993-12-20,1129.5
1993-12-27,1131.9
1994-01-03,1128.4
1994-01-10,1131.0
1994-01-17,1131.3
1994-01-24,1132.4
1994-01-31,1132.7
1994-02-07,1134.5
1994-02-14,1136.7
1994-02-21,1137.4
1994-02-28,1136.5
1994-03-07,1138.3
1994-03-14,1139.6
1994-03-21,1139.2
1994-03-28,1141.5
1994-04-04,1144.7
1994-04-11,1143.8
1994-04-18,1139.0
1994-04-25,1137.9
1994-05-02,1141.8
1994-05-09,1144.9
1994-05-16,1145.1
1994-05-23,1141.2
1994-05-30,1142.3
1994-06-06,1144.3
1994-06-13,1145.4
1994-06-20,1146.4
1994-06-27,1145.3
1994-07-04,1143.5
1994-07-11,1151.5
1994-07-18,1151.2
1994-07-25,1151.4
1994-08-01,1152.9
1994-08-08,1148.0
1994-08-15,1151.6
1994-08-22,1150.2
1994-08-29,1151.6
1994-09-05,1153.0
1994-09-12,1152.7
1994-09-19,1152.2
1994-09-26,1152.3
1994-10-03,1147.7
1994-10-10,1152.6
1994-10-17,1152.7
1994-10-24,1148.2
1994-10-31,1148.1
1994-11-07,1148.2
1994-11-14,1151.8
1994-11-21,1152.4
1994-11-28,1151.2
1994-12-05,1152.2
1994-12-12,1154.5
1994-12-19,1150.4
1994-12-26,1149.3
1995-01-02,1145.9
1995-01-09,1154.4
1995-01-16,1154.4
1995-01-23,1150.4
1995-01-30,1148.0
1995-02-06,1150.5
1995-02-13,1148.0
1995-02-20,1145.3
1995-02-27,1146.2
1995-03-06,1147.2
1995-03-13,1148.3
1995-03-20,1147.2
1995-03-27,1147.2
1995-04-03,1141.5
1995-04-10,1151.4
1995-04-17,1149.1
1995-04-24,1149.8
1995-05-01,1150.4
1995-05-08,1144.8
1995-05-15,1146.7
1995-05-22,1146.0
1995-05-29,1142.8
1995-06-05,1145.5
1995-06-12,1146.3
1995-06-19,1143.4
1995-06-26,1143.8
1995-07-03,1141.0
1995-07-10,1149.0
1995-07-17,1145.5
1995-07-24,1143.0
1995-07-31,1146.2
1995-08-07,1146.0
1995-08-14,1147.4
1995-08-21,1146.3
1995-08-28,1143.4
1995-09-04,1142.7
1995-09-11,1148.6
1995-09-18,1142.1
1995-09-25,1140.0
1995-10-02,1133.8
1995-10-09,1137.3
1995-10-16,1141.2
1995-10-23,1136.1
1995-10-30,1135.2
1995-11-06,1137.9
1995-11-13,1134.3
1995-11-20,1134.6
1995-11-27,1133.8
1995-12-04,1125.5
1995-12-11,1131.0
1995-12-18,1122.7
1995-12-25,1127.0
1996-01-01,1130.5
1996-01-08,1124.9
1996-01-15,1129.4
1996-01-22,1120.8
1996-01-29,1117.9
1996-02-05,1121.5
1996-02-12,1118.6
1996-02-19,1115.7
1996-02-26,1116.9
1996-03-04,1123.0
1996-03-11,1118.7
1996-03-18,1120.8
1996-03-25,1123.2
1996-04-01,1128.8
1996-04-08,1124.1
1996-04-15,1130.4
1996-04-22,1125.0
1996-04-29,1118.6
1996-05-06,1123.0
1996-05-13,1117.6
1996-05-20,1117.3
1996-05-27,1110.8
1996-06-03,1114.2
1996-06-10,1114.9
1996-06-17,1114.5
1996-06-24,1113.0
1996-07-01,1119.2
1996-07-08,1109.0
1996-07-15,1115.1
1996-07-22,1113.1
1996-07-29,1112.1
1996-08-05,1108.6
1996-08-12,1106.1
1996-08-19,1098.1
1996-08-26,1098.6
1996-09-02,1097.9
1996-09-09,1103.8
1996-09-16,1096.7
1996-09-23,1091.7
1996-09-30,1091.8
1996-10-07,1088.5
1996-10-14,1091.6
1996-10-21,1086.7
1996-10-28,1077.8
1996-11-04,1081.2
1996-11-11,1088.1
1996-11-18,1087.7
1996-11-25,1078.1
1996-12-02,1081.0
1996-12-09,1091.1
1996-12-16,1083.9
1996-12-23,1080.2
1996-12-30,1070.7
1997-01-06,1079.6
1997-01-13,1089.9
1997-01-20,1081.7
1997-01-27,1075.8
1997-02-03,1077.2
1997-02-10,1086.5
1997-02-17,1078.2
1997-02-24,1075.3
1997-03-03,1073.6
1997-03-10,1081.3
1997-03-17,1075.2
1997-03-24,1069.4
1997-03-31,1063.6
1997-04-07,1069.7
1997-04-14,1066.6
1997-04-21,1064.1
1997-04-28,1055.5
1997-05-05,1062.7
1997-05-12,1067.3
1997-05-19,1063.3
1997-05-26,1060.6
1997-06-02,1065.1
1997-06-09,1072.3
1997-06-16,1068.6
1997-06-23,1061.7
1997-06-30,1062.1
1997-07-07,1065.6
1997-07-14,1069.3
1997-07-21,1064.0
1997-07-28,1060.6
1997-08-04,1071.0
1997-08-11,1080.2
1997-08-18,1076.4
1997-08-25,1074.5
1997-09-01,1071.9
1997-09-08,1077.6
1997-09-15,1066.5
1997-09-22,1062.2
1997-09-29,1060.1
1997-10-06,1068.8
1997-10-13,1066.3
1997-10-20,1064.5
1997-10-27,1058.7
1997-11-03,1073.1
1997-11-10,1075.4
1997-11-17,1070.4
1997-11-24,1066.4
1997-12-01,1070.4
1997-12-08,1072.2
1997-12-15,1072.9
1997-12-22,1070.6
1997-12-29,1071.4
1998-01-05,1080.9
1998-01-12,1078.0
1998-01-19,1070.3
1998-01-26,1070.9
1998-02-02,1072.2
1998-02-09,1080.1
1998-02-16,1077.4
1998-02-23,1076.8
1998-03-02,1079.3
1998-03-09,1085.8
1998-03-16,1081.7
1998-03-23,1074.4
1998-03-30,1064.8
1998-04-06,1079.1
1998-04-13,1078.2
1998-04-20,1079.4
1998-04-27,1068.5
1998-05-04,1078.9
1998-05-11,1084.4
1998-05-18,1081.2
1998-05-25,1072.9
1998-06-01,1077.6
1998-06-08,1081.0
1998-06-15,1083.8
1998-06-22,1071.8
1998-06-29,1066.9
1998-07-06,1083.2
1998-07-13,1075.0
1998-07-20,1072.7
1998-07-27,1067.7
1998-08-03,1079.8
1998-08-10,1084.1
1998-08-17,1075.4
1998-08-24,1072.4
1998-08-31,1069.8
1998-09-07,1076.2
1998-09-14,1083.9
1998-09-21,1083.4
1998-09-28,1074.5
1998-10-05,1084.2
1998-10-12,1084.0
1998-10-19,1086.1
1998-10-26,1086.9
1998-11-02,1088.9
1998-11-09,1096.1
1998-11-16,1097.2
1998-11-23,1092.4
1998-11-30,1096.1
1998-12-07,1094.2
1998-12-14,1095.1
1998-12-21,1094.5
1998-12-28,1091.6
1999-01-04,1107.1
1999-01-11,1102.7
1999-01-18,1095.3
1999-01-25,1093.9
1999-02-01,1096.7
1999-02-08,1095.4
1999-02-15,1097.4
1999-02-22,1099.8
1999-03-01,1095.1
1999-03-08,1098.6
1999-03-15,1097.6
1999-03-22,1097.3
1999-03-29,1093.8
1999-04-05,1101.5
1999-04-12,1104.2
1999-04-19,1099.5
1999-04-26,1095.1
1999-05-03,1109.2
1999-05-10,1109.9
1999-05-17,1102.9
1999-05-24,1099.3
1999-05-31,1099.2
1999-06-07,1100.6
1999-06-14,1103.1
1999-06-21,1101.6
1999-06-28,1095.1
1999-07-05,1091.5
1999-07-12,1107.5
1999-07-19,1097.2
1999-07-26,1096.5
1999-08-02,1099.9
1999-08-09,1110.9
1999-08-16,1106.2
1999-08-23,1096.9
1999-08-30,1082.8
1999-09-06,1092.3
1999-09-13,1100.4
1999-09-20,1100.9
1999-09-27,1089.6
1999-10-04,1101.1
1999-10-11,1106.8
1999-10-18,1103.0
1999-10-25,1101.6
1999-11-01,1102.7
1999-11-08,1110.4
1999-11-15,1116.5
1999-11-22,1113.0
1999-11-29,1104.8
1999-12-06,1110.3
1999-12-13,1122.0
1999-12-20,1120.5
1999-12-27,1126.5
2000-01-03,1138.6
2000-01-10,1133.4
2000-01-17,1125.1
2000-01-24,1122.3
2000-01-31,1108.9
2000-02-07,1114.3
2000-02-14,1112.2
2000-02-21,1106.4
2000-02-28,1101.8
2000-03-06,1107.1
2000-03-13,1105.5
2000-03-20,1106.5
2000-03-27,1104.9
2000-04-03,1117.8
2000-04-10,1121.8
2000-04-17,1118.2
2000-04-24,1114.9
2000-05-01,1105.0
2000-05-08,1106.5
2000-05-15,1111.2
2000-05-22,1105.1
2000-05-29,1097.8
2000-06-05,1102.0
2000-06-12,1104.4
2000-06-19,1101.1
2000-06-26,1099.0
2000-07-03,1109.4
2000-07-10,1114.6
2000-07-17,1100.9
2000-07-24,1099.5
2000-07-31,1096.2
2000-08-07,1097.9
2000-08-14,1100.3
2000-08-21,1102.2
2000-08-28,1101.4
2000-09-04,1097.7
2000-09-11,1106.5
2000-09-18,1098.5
2000-09-25,1096.7
2000-10-02,1097.9
2000-10-09,1099.9
2000-10-16,1100.2
2000-10-23,1099.3
2000-10-30,1096.8
2000-11-06,1091.7
2000-11-13,1089.9
2000-11-20,1093.9
2000-11-27,1096.6
2000-12-04,1086.4
2000-12-11,1092.9
2000-12-18,1084.4
2000-12-25,1090.1
2001-01-01,1088.3
2001-01-08,1094.2
2001-01-15,1096.2
2001-01-22,1101.7
2001-01-29,1094.8
2001-02-05,1099.7
2001-02-12,1099.3
2001-02-19,1098.8
2001-02-26,1104.4
2001-03-05,1109.3
2001-03-12,1108.3
2001-03-19,1107.7
2001-03-26,1106.7
2001-04-02,1113.9
2001-04-09,1114.9
2001-04-16,1118.2
2001-04-23,1117.7
2001-04-30,1116.8
2001-05-07,1113.9
2001-05-14,1117.5
2001-05-21,1122.3
2001-05-28,1117.4
2001-06-04,1125.2
2001-06-11,1126.2
2001-06-18,1126.4
2001-06-25,1124.1
2001-07-02,1129.9
2001-07-09,1133.9
2001-07-16,1142.1
2001-07-23,1142.0
2001-07-30,1139.4
2001-08-06,1143.3
2001-08-13,1148.6
2001-08-20,1149.9
2001-08-27,1149.0
2001-09-03,1165.5
2001-09-10,1167.0
2001-09-17,1292.0
2001-09-24,1206.1
2001-10-01,1171.3
2001-10-08,1166.9
2001-10-15,1166.7
2001-10-22,1167.2
2001-10-29,1161.2
2001-11-05,1164.8
2001-11-12,1170.2
2001-11-19,1171.9
2001-11-26,1172.1
2001-12-03,1176.5
2001-12-10,1186.3
2001-12-17,1183.6
2001-12-24,1181.7
2001-12-31,1184.2
2002-01-07,1190.3
2002-01-14,1194.6
2002-01-21,1193.6
2002-01-28,1184.6
2002-02-04,1189.5
2002-02-11,1190.4
2002-02-18,1192.4
2002-02-25,1189.4
2002-03-04,1191.1
2002-03-11,1198.6
2002-03-18,1196.1
2002-03-25,1193.0
2002-04-01,1185.3
2002-04-08,1185.1
2002-04-15,1187.5
2002-04-22,1188.0
2002-04-29,1187.9
2002-05-06,1181.1
2002-05-13,1186.1
2002-05-20,1188.1
2002-05-27,1192.2
2002-06-03,1204.2
2002-06-10,1192.3
2002-06-17,1188.9
2002-06-24,1193.3
2002-07-01,1194.1
2002-07-08,1193.4
2002-07-15,1202.0
2002-07-22,1203.1
2002-07-29,1203.7
2002-08-05,1181.6
2002-08-12,1182.1
2002-08-19,1182.6
2002-08-26,1188.8
2002-09-02,1203.3
2002-09-09,1191.5
2002-09-16,1191.8
2002-09-23,1192.8
2002-09-30,1206.3
2002-10-07,1188.1
2002-10-14,1206.7
2002-10-21,1207.4
2002-10-28,1212.1
2002-11-04,1208.0
2002-11-11,1208.5
2002-11-18,1205.4
2002-11-25,1203.8
2002-12-02,1226.5
2002-12-09,1218.8
2002-12-16,1217.3
2002-12-23,1223.4
2002-12-30,1220.2
2003-01-06,1215.7
2003-01-13,1221.8
2003-01-20,1229.7
2003-01-27,1229.4
2003-02-03,1246.6
2003-02-10,1234.2
2003-02-17,1241.1
2003-02-24,1231.3
2003-03-03,1245.6
2003-03-10,1242.5
2003-03-17,1235.9
2003-03-24,1235.9
2003-03-31,1240.4
2003-04-07,1235.8
2003-04-14,1249.9
2003-04-21,1255.9
2003-04-28,1255.4
2003-05-05,1261.2
2003-05-12,1268.8
2003-05-19,1268.2
2003-05-26,1269.5
2003-06-02,1276.4
2003-06-09,1279.1
2003-06-16,1287.6
2003-06-23,1276.9
2003-06-30,1281.7
2003-07-07,1276.4
2003-07-14,1289.1
2003-07-21,1292.1
2003-07-28,1286.4
2003-08-04,1301.4
2003-08-11,1295.4
2003-08-18,1309.5
2003-08-25,1288.4
2003-09-01,1288.4
2003-09-08,1295.1
2003-09-15,1299.9
2003-09-22,1299.4
2003-09-29,1297.1
2003-10-06,1285.8
2003-10-13,1297.0
2003-10-20,1297.8
2003-10-27,1298.2
2003-11-03,1316.5
2003-11-10,1306.2
2003-11-17,1297.7
2003-11-24,1293.0
2003-12-01,1290.7
2003-12-08,1304.9
2003-12-15,1311.8
2003-12-22,1308.4
2003-12-29,1302.8
2004-01-05,1303.0
2004-01-12,1300.4
2004-01-19,1307.5
2004-01-26,1307.9
2004-02-02,1312.3
2004-02-09,1321.0
2004-02-16,1328.2
2004-02-23,1320.3
2004-03-01,1318.4
2004-03-08,1318.5
2004-03-15,1329.7
2004-03-22,1335.8
2004-03-29,1334.1
2004-04-05,1321.9
2004-04-12,1330.2
2004-04-19,1327.1
2004-04-26,1334.6
2004-05-03,1357.7
2004-05-10,1328.0
2004-05-17,1336.0
2004-05-24,1335.6
2004-05-31,1323.1
2004-06-07,1327.8
2004-06-14,1345.7
2004-06-21,1348.0
2004-06-28,1353.0
2004-07-05,1330.1
2004-07-12,1341.1
2004-07-19,1337.2
2004-07-26,1347.6
2004-08-02,1346.8
2004-08-09,1352.0
2004-08-16,1355.2
2004-08-23,1362.5
2004-08-30,1351.4
2004-09-06,1342.3
2004-09-13,1359.9
2004-09-20,1372.2
2004-09-27,1372.0
2004-10-04,1364.4
2004-10-11,1365.5
2004-10-18,1359.7
2004-10-25,1368.5
2004-11-01,1352.8
2004-11-08,1363.9
2004-11-15,1371.2
2004-11-22,1379.2
2004-11-29,1387.5
2004-12-06,1359.6
2004-12-13,1369.7
2004-12-20,1380.0
2004-12-27,1387.5
2005-01-03,1384.4
2005-01-10,1357.7
2005-01-17,1358.0
2005-01-24,1371.8
2005-01-31,1373.5
2005-02-07,1357.3
2005-02-14,1368.9
2005-02-21,1379.7
2005-02-28,1378.4
2005-03-07,1361.9
2005-03-14,1369.9
2005-03-21,1376.7
2005-03-28,1378.7
2005-04-04,1361.4
2005-04-11,1355.4
2005-04-18,1355.0
2005-04-25,1361.5
2005-05-02,1360.2
2005-05-09,1361.7
2005-05-16,1357.6
2005-05-23,1367.5
2005-05-30,1379.5
2005-06-06,1361.8
2005-06-13,1372.6
2005-06-20,1389.9
2005-06-27,1395.5
2005-07-04,1375.6
2005-07-11,1364.8
2005-07-18,1364.3
2005-07-25,1379.6
2005-08-01,1362.6
2005-08-08,1366.7
2005-08-15,1375.8
2005-08-22,1388.8
2005-08-29,1386.7
2005-09-05,1364.5
2005-09-12,1366.8
2005-09-19,1380.1
2005-09-26,1388.5
2005-10-03,1396.7
2005-10-10,1372.6
2005-10-17,1365.6
2005-10-24,1382.1
2005-10-31,1377.3
2005-11-07,1360.4
2005-11-14,1370.7
2005-11-21,1387.8
2005-11-28,1386.1
2005-12-05,1371.4
2005-12-12,1367.9
2005-12-19,1373.1
2005-12-26,1383.0
2006-01-02,1375.5
2006-01-09,1372.0
2006-01-16,1375.7
2006-01-23,1383.1
2006-01-30,1389.8
2006-02-06,1369.2
2006-02-13,1368.5
2006-02-20,1383.3
2006-02-27,1392.9
2006-03-06,1366.1
2006-03-13,1370.9
2006-03-20,1387.8
2006-03-27,1394.8
2006-04-03,1401.4
2006-04-10,1375.7
2006-04-17,1379.2
2006-04-24,1388.1
2006-05-01,1372.5
2006-05-08,1373.7
2006-05-15,1389.4
2006-05-22,1394.9
2006-05-29,1398.0
2006-06-05,1369.2
2006-06-12,1367.8
2006-06-19,1371.0
2006-06-26,1383.7
2006-07-03,1390.5
2006-07-10,1372.4
2006-07-17,1359.2
2006-07-24,1377.6
2006-07-31,1373.1
2006-08-07,1357.5
2006-08-14,1365.1
2006-08-21,1383.2
2006-08-28,1384.3
2006-09-04,1373.9
2006-09-11,1365.3
2006-09-18,1357.4
2006-09-25,1364.9
2006-10-02,1364.3
2006-10-09,1368.2
2006-10-16,1360.8
2006-10-23,1380.5
2006-10-30,1376.5
2006-11-06,1351.0
2006-11-13,1360.9
2006-11-20,1379.8
2006-11-27,1386.1
2006-12-04,1373.8
2006-12-11,1360.0
2006-12-18,1359.0
2006-12-25,1380.2
2007-01-01,1361.3
2007-01-08,1355.7
2007-01-15,1383.0
2007-01-22,1373.3
2007-01-29,1377.0
2007-02-05,1369.9
2007-02-12,1361.6
2007-02-19,1361.6
2007-02-26,1361.9
2007-03-05,1358.5
2007-03-12,1363.3
2007-03-19,1360.0
2007-03-26,1373.5
2007-04-02,1377.6
2007-04-09,1379.5
2007-04-16,1374.7
2007-04-23,1375.9
2007-04-30,1382.7
2007-05-07,1367.3
2007-05-14,1382.3
2007-05-21,1384.1
2007-05-28,1388.5
2007-06-04,1384.6
2007-06-11,1370.7
2007-06-18,1356.3
2007-06-25,1363.0
2007-07-02,1375.8
2007-07-09,1370.4
2007-07-16,1373.5
2007-07-23,1373.4
2007-07-30,1370.7
2007-08-06,1360.4
2007-08-13,1364.7
2007-08-20,1373.4
2007-08-27,1386.0
2007-09-03,1412.8
2007-09-10,1382.1
2007-09-17,1373.3
2007-09-24,1365.3
2007-10-01,1364.2
2007-10-08,1377.0
2007-10-15,1383.2
2007-10-22,1383.5
2007-10-29,1379.8
2007-11-05,1369.4
2007-11-12,1367.3
2007-11-19,1366.6
2007-11-26,1373.8
2007-12-03,1384.2
2007-12-10,1377.1
2007-12-17,1364.6
2007-12-24,1377.8
2007-12-31,1367.8
2008-01-07,1367.1
2008-01-14,1370.2
2008-01-21,1390.1
2008-01-28,1379.6
2008-02-04,1386.2
2008-02-11,1374.3
2008-02-18,1374.9
2008-02-25,1376.8
2008-03-03,1401.0
2008-03-10,1391.2
2008-03-17,1381.5
2008-03-24,1386.8
2008-03-31,1389.6
2008-04-07,1374.2
2008-04-14,1389.4
2008-04-21,1403.9
2008-04-28,1398.0
2008-05-05,1393.7
2008-05-12,1392.3
2008-05-19,1386.0
2008-05-26,1394.2
2008-06-02,1405.5
2008-06-09,1410.8
2008-06-16,1403.4
2008-06-23,1398.3
2008-06-30,1406.3
2008-07-07,1413.4
2008-07-14,1421.5
2008-07-21,1426.6
2008-07-28,1422.1
2008-08-04,1423.6
2008-08-11,1413.2
2008-08-18,1395.0
2008-08-25,1405.6
2008-09-01,1408.9
2008-09-08,1424.2
2008-09-15,1437.1
2008-09-22,1490.2
2008-09-29,1504.9
2008-10-06,1461.3
2008-10-13,1465.4
2008-10-20,1457.7
2008-10-27,1484.2
2008-11-03,1519.8
2008-11-10,1504.5
2008-11-17,1505.5
2008-11-24,1517.2
2008-12-01,1526.1
2008-12-08,1589.0
2008-12-15,1611.1
2008-12-22,1609.6
2008-12-29,1597.1
2009-01-05,1629.4
2009-01-12,1609.6
2009-01-19,1561.3
2009-01-26,1555.3
2009-02-02,1567.5
2009-02-09,1575.6
2009-02-16,1564.8
2009-02-23,1558.6
2009-03-02,1570.0
2009-03-09,1583.6
2009-03-16,1575.6
2009-03-23,1575.1
2009-03-30,1572.3
2009-04-06,1655.8
2009-04-13,1604.2
2009-04-20,1595.8
2009-04-27,1598.5
2009-05-04,1611.6
2009-05-11,1617.8
2009-05-18,1617.4
2009-05-25,1623.7
2009-06-01,1616.0
2009-06-08,1650.8
2009-06-15,1659.8
2009-06-22,1671.7
2009-06-29,1660.8
2009-07-06,1653.2
2009-07-13,1664.0
2009-07-20,1662.8
2009-07-27,1659.6
2009-08-03,1679.8
2009-08-10,1670.2
2009-08-17,1669.6
2009-08-24,1649.9
2009-08-31,1644.7
2009-09-07,1660.7
2009-09-14,1675.0
2009-09-21,1663.0
2009-09-28,1662.4
2009-10-05,1662.8
2009-10-12,1675.4
2009-10-19,1681.7
2009-10-26,1686.0
2009-11-02,1682.4
2009-11-09,1678.9
2009-11-16,1678.8
2009-11-23,1680.9
2009-11-30,1686.2
2009-12-07,1683.2
2009-12-14,1689.8
2009-12-21,1697.8
2009-12-28,1689.7
2010-01-04,1708.2
2010-01-11,1665.2
2010-01-18,1669.7
2010-01-25,1672.7
2010-02-01,1671.0
2010-02-08,1688.5
2010-02-15,1716.9
2010-02-22,1701.9
2010-03-01,1694.7
2010-03-08,1704.1
2010-03-15,1722.9
2010-03-22,1722.1
2010-03-29,1708.4
2010-04-05,1686.1
2010-04-12,1698.3
2010-04-19,1700.2
2010-04-26,1693.1
2010-05-03,1729.0
2010-05-10,1711.2
2010-05-17,1703.3
2010-05-24,1708.1
2010-05-31,1712.1
2010-06-07,1718.3
2010-06-14,1722.4
2010-06-21,1741.3
2010-06-28,1748.3
2010-07-05,1719.4
2010-07-12,1722.5
2010-07-19,1719.1
2010-07-26,1731.1
2010-08-02,1729.7
2010-08-09,1744.1
2010-08-16,1742.8
2010-08-23,1757.9
2010-08-30,1757.8
2010-09-06,1749.8
2010-09-13,1768.7
2010-09-20,1769.8
2010-09-27,1770.7
2010-10-04,1776.9
2010-10-11,1790.4
2010-10-18,1777.4
2010-10-25,1790.1
2010-11-01,1766.0
2010-11-08,1865.9
2010-11-15,1799.5
2010-11-22,1816.4
2010-11-29,1833.8
2010-12-06,1810.6
2010-12-13,1827.8
2010-12-20,1840.1
2010-12-27,1853.3
2011-01-03,1849.6
2011-01-10,1834.3
2011-01-17,1858.2
2011-01-24,1854.2
2011-01-31,1868.8
2011-02-07,1850.3
2011-02-14,1858.9
2011-02-21,1885.7
2011-02-28,1895.1
2011-03-07,1875.7
2011-03-14,1889.5
2011-03-21,1901.1
2011-03-28,1897.2
2011-04-04,1895.7
2011-04-11,1897.0
2011-04-18,1893.6
2011-04-25,1902.6
2011-05-02,1921.5
2011-05-09,1928.7
2011-05-16,1931.3
2011-05-23,1942.9
2011-05-30,1957.3
2011-06-06,1936.7
2011-06-13,1951.8
2011-06-20,1961.6
2011-06-27,1959.4
2011-07-04,1985.8
2011-07-11,1983.9
2011-07-18,1976.1
2011-07-25,2001.7
2011-08-01,2063.9
2011-08-08,2094.8
2011-08-15,2109.4
2011-08-22,2136.3
2011-08-29,2122.8
2011-09-05,2110.5
2011-09-12,2119.0
2011-09-19,2121.2
2011-09-26,2128.5
2011-10-03,2177.6
2011-10-10,2151.9
2011-10-17,2129.3
2011-10-24,2127.4
2011-10-31,2136.0
2011-11-07,2145.2
2011-11-14,2168.8
2011-11-21,2176.1
2011-11-28,2168.4
2011-12-05,2156.6
2011-12-12,2164.6
2011-12-19,2149.3
2011-12-26,2156.2
2012-01-02,2199.1
2012-01-09,2199.0
2012-01-16,2197.8
2012-01-23,2207.5
2012-01-30,2204.4
2012-02-06,2197.4
2012-02-13,2211.6
2012-02-20,2217.3
2012-02-27,2210.4
2012-03-05,2214.2
2012-03-12,2228.9
2012-03-19,2228.0
2012-03-26,2227.4
2012-04-02,2247.5
2012-04-09,2250.1
2012-04-16,2242.7
2012-04-23,2248.2
2012-04-30,2254.6
2012-05-07,2241.6
2012-05-14,2267.7
2012-05-21,2262.5
2012-05-28,2257.2
2012-06-04,2256.4
2012-06-11,2290.8
2012-06-18,2274.8
2012-06-25,2273.2
2012-07-02,2284.5
2012-07-09,2337.9
2012-07-16,2316.6
2012-07-23,2318.1
2012-07-30,2312.2
2012-08-06,2310.9
2012-08-13,2350.1
2012-08-20,2341.8
2012-08-27,2346.2
2012-09-03,2420.8
2012-09-10,2405.5
2012-09-17,2379.5
2012-09-24,2378.4
2012-10-01,2382.9
2012-10-08,2423.1
2012-10-15,2423.2
2012-10-22,2417.9
2012-10-29,2429.7
2012-11-05,2428.9
2012-11-12,2412.3
2012-11-19,2417.7
2012-11-26,2402.8
2012-12-03,2465.8
2012-12-10,2468.4
2012-12-17,2438.1
2012-12-24,2474.2
2012-12-31,2459.5
2013-01-07,2458.9
2013-01-14,2479.7
2013-01-21,2488.6
2013-01-28,2465.4
2013-02-04,2474.5
2013-02-11,2484.6
2013-02-18,2469.6
2013-02-25,2466.3
2013-03-04,2462.6
2013-03-11,2468.5
2013-03-18,2467.0
2013-03-25,2489.0
2013-04-01,2511.5
2013-04-08,2486.8
2013-04-15,2515.5
2013-04-22,2528.0
2013-04-29,2535.7
2013-05-06,2501.6
2013-05-13,2523.5
2013-05-20,2524.7
2013-05-27,2536.4
2013-06-03,2587.3
2013-06-10,2539.0
2013-06-17,2513.4
2013-06-24,2522.3
2013-07-01,2526.3
2013-07-08,2526.9
2013-07-15,2544.0
2013-07-22,2565.8
2013-07-29,2552.8
2013-08-05,2534.0
2013-08-12,2545.5
2013-08-19,2537.6
2013-08-26,2562.5
2013-09-02,2585.1
2013-09-09,2580.5
2013-09-16,2570.4
2013-09-23,2588.1
2013-09-30,2598.8
2013-10-07,2572.8
2013-10-14,2642.5
2013-10-21,2661.8
2013-10-28,2623.9
2013-11-04,2602.6
2013-11-11,2612.3
2013-11-18,2620.4
2013-11-25,2626.4
2013-12-02,2653.5
2013-12-09,2672.5
2013-12-16,2656.3
2013-12-23,2682.9
2013-12-30,2648.5
2014-01-06,2667.5
2014-01-13,2673.3
2014-01-20,2704.9
2014-01-27,2694.7
2014-02-03,2768.0
2014-02-10,2720.2
2014-02-17,2711.4
2014-02-24,2707.4
2014-03-03,2765.7
2014-03-10,2763.0
2014-03-17,2740.0
2014-03-24,2749.6
2014-03-31,2762.1
2014-04-07,2739.1
2014-04-14,2790.6
2014-04-21,2789.1
2014-04-28,2794.4
2014-05-05,2783.6
2014-05-12,2798.7
2014-05-19,2782.6
2014-05-26,2792.8
2014-06-02,2823.1
2014-06-09,2831.9
2014-06-16,2825.7
2014-06-23,2828.8
2014-06-30,2833.4
2014-07-07,2811.7
2014-07-14,2852.5
2014-07-21,2860.7
2014-07-28,2841.6
2014-08-04,2842.0
2014-08-11,2807.6
2014-08-18,2780.3
2014-08-25,2793.1
2014-09-01,2809.1
2014-09-08,2840.9
2014-09-15,2869.8
2014-09-22,2872.5
2014-09-29,2874.6
2014-10-06,2851.6
2014-10-13,2857.9
2014-10-20,2863.4
2014-10-27,2870.4
2014-11-03,2920.1
2014-11-10,2890.6
2014-11-17,2869.5
2014-11-24,2879.6
2014-12-01,2884.9
2014-12-08,2929.0
2014-12-15,2945.0
2014-12-22,2960.6
2014-12-29,2938.2
2015-01-05,2933.4
2015-01-12,2929.8
2015-01-19,2918.7
2015-01-26,2936.8
2015-02-02,3001.6
2015-02-09,3004.1
2015-02-16,3005.5
2015-02-23,3006.2
2015-03-02,3016.8
2015-03-09,3014.6
2015-03-16,2995.3
2015-03-23,3000.0
2015-03-30,2986.9
2015-04-06,2975.7
2015-04-13,3015.3
2015-04-20,3015.8
2015-04-27,2995.7
2015-05-04,2994.5
2015-05-11,2995.8
2015-05-18,2969.9
2015-05-25,2994.6
2015-06-01,2980.9
2015-06-08,2992.4
2015-06-15,3012.3
2015-06-22,3036.1
2015-06-29,3044.6
2015-07-06,3020.4
2015-07-13,3033.8
2015-07-20,3038.2
2015-07-27,3033.8
2015-08-03,3092.3
2015-08-10,3033.8
2015-08-17,3011.8
2015-08-24,3023.4
2015-08-31,3017.8
2015-09-07,3011.4
2015-09-14,3046.5
2015-09-21,3073.7
2015-09-28,3053.6
2015-10-05,3015.6
2015-10-12,2999.5
2015-10-19,2997.7
2015-10-26,3024.2
2015-11-02,3069.6
2015-11-09,3078.5
2015-11-16,3071.9
2015-11-23,3095.2
2015-11-30,3084.7
2015-12-07,3039.5
2015-12-14,3085.9
2015-12-21,3119.2
2015-12-28,3101.3
2016-01-04,3176.7
2016-01-11,3088.4
2016-01-18,3081.3
2016-01-25,3095.7
2016-02-01,3084.0
2016-02-08,3088.7
2016-02-15,3139.2
2016-02-22,3133.9
2016-02-29,3166.5
2016-03-07,3110.5
2016-03-14,3132.9
2016-03-21,3171.9
2016-03-28,3178.7
2016-04-04,3176.3
2016-04-11,3197.3
2016-04-18,3182.9
2016-04-25,3204.2
2016-05-02,3242.7
2016-05-09,3251.8
2016-05-16,3235.3
2016-05-23,3247.4
2016-05-30,3223.1
2016-06-06,3212.3
2016-06-13,3254.6
2016-06-20,3268.0
2016-06-27,3243.0
2016-07-04,3246.3
2016-07-11,3258.1
2016-07-18,3243.5
2016-07-25,3255.2
2016-08-01,3233.5
2016-08-08,3300.4
2016-08-15,3320.5
2016-08-22,3338.3
2016-08-29,3320.6
2016-09-05,3288.1
2016-09-12,3332.0
2016-09-19,3323.2
2016-09-26,3323.7
2016-10-03,3375.1
2016-10-10,3361.8
2016-10-17,3312.5
2016-10-24,3320.2
2016-10-31,3331.5
2016-11-07,3309.7
2016-11-14,3368.3
2016-11-21,3385.3
2016-11-28,3361.7
2016-12-05,3324.3
2016-12-12,3349.6
2016-12-19,3333.7
2016-12-26,3349.4
2017-01-02,3352.9
2017-01-09,3379.5
2017-01-16,3391.0
2017-01-23,3399.9
2017-01-30,3406.5
2017-02-06,3373.9
2017-02-13,3397.3
2017-02-20,3424.8
2017-02-27,3419.5
2017-03-06,3399.0
2017-03-13,3444.0
2017-03-20,3452.3
2017-03-27,3443.4
2017-04-03,3509.4
2017-04-10,3453.4
2017-04-17,3441.5
2017-04-24,3446.4
2017-05-01,3451.5
2017-05-08,3495.5
2017-05-15,3522.6
2017-05-22,3535.0
2017-05-29,3530.1
2017-06-05,3501.4
2017-06-12,3513.1
2017-06-19,3509.8
2017-06-26,3545.9
2017-07-03,3571.8
2017-07-10,3548.1
2017-07-17,3520.3
2017-07-24,3556.9
2017-07-31,3569.1
2017-08-07,3543.5
2017-08-14,3578.5
2017-08-21,3624.0
2017-08-28,3590.5
2017-09-04,3548.6
2017-09-11,3587.0
2017-09-18,3572.0
2017-09-25,3571.2
2017-10-02,3583.9
2017-10-09,3615.9
2017-10-16,3600.1
2017-10-23,3615.6
2017-10-30,3602.4
2017-11-06,3601.1
2017-11-13,3633.3
2017-11-20,3643.9
2017-11-27,3644.5
2017-12-04,3619.1
2017-12-11,3635.3
2017-12-18,3617.9
2017-12-25,3602.7
2018-01-01,3584.0
2018-01-08,3635.1
2018-01-15,3672.8
2018-01-22,3671.8
2018-01-29,3646.8
2018-02-05,3639.0
2018-02-12,3614.6
2018-02-19,3608.9
2018-02-26,3620.8
2018-03-05,3662.4
2018-03-12,3669.5
2018-03-19,3649.5
2018-03-26,3653.9
2018-04-02,3644.9
2018-04-09,3652.8
2018-04-16,3650.1
2018-04-23,3669.2
2018-04-30,3673.2
2018-05-07,3625.7
2018-05-14,3648.5
2018-05-21,3660.6
2018-05-28,3667.9
2018-06-04,3691.8
2018-06-11,3652.5
2018-06-18,3645.4
2018-06-25,3644.7
2018-07-02,3657.2
2018-07-09,3673.1
2018-07-16,3680.6
2018-07-23,3682.0
2018-07-30,3679.8
2018-08-06,3660.6
2018-08-13,3668.3
2018-08-20,3656.1
2018-08-27,3679.1
2018-09-03,3772.1
2018-09-10,3705.6
2018-09-17,3683.7
2018-09-24,3703.6
2018-10-01,3690.5
2018-10-08,3697.0
2018-10-15,3725.0
2018-10-22,3744.5
2018-10-29,3727.2
2018-11-05,3698.8
2018-11-12,3687.7
2018-11-19,3680.8
2018-11-26,3690.7
2018-12-03,3773.2
2018-12-10,3761.9
2018-12-17,3717.8
2018-12-24,3766.8
2018-12-31,3749.4
2019-01-07,3704.2
2019-01-14,3717.1
2019-01-21,3766.3
2019-01-28,3764.8
2019-02-04,3812.3
2019-02-11,3782.9
2019-02-18,3754.5
2019-02-25,3734.7
2019-03-04,3768.1
2019-03-11,3729.1
2019-03-18,3690.2
2019-03-25,3710.3
2019-04-01,3707.3
2019-04-08,3725.7
2019-04-15,3794.3
2019-04-22,3783.6
2019-04-29,3814.8
2019-05-06,3742.9
2019-05-13,3754.0
2019-05-20,3769.4
2019-05-27,3804.9
2019-06-03,3906.8
2019-06-10,3846.0
2019-06-17,3828.1
2019-06-24,3818.9
2019-07-01,3797.1
2019-07-08,3825.0
2019-07-15,3850.6
2019-07-22,3881.2
2019-07-29,3875.6
2019-08-05,3879.8
2019-08-12,3862.2
2019-08-19,3814.4
2019-08-26,3826.9
2019-09-02,3875.4
2019-09-09,3892.6
2019-09-16,3878.0
2019-09-23,3902.4
2019-09-30,3924.5
2019-10-07,3879.6
2019-10-14,3939.4
2019-10-21,3941.7
2019-10-28,3940.0
2019-11-04,3975.8
2019-11-11,3969.5
2019-11-18,3931.0
2019-11-25,3975.3
2019-12-02,3972.3
2019-12-09,4002.9
2019-12-16,4028.3
